Image1,Image2
img1/IMG_8260.jpg,img2/IMG_8306.jpg
img1/IMG_8205.jpg,img2/IMG_8313.jpg
img1/IMG_8211.jpg,img2/IMG_8339.jpg
img1/IMG_8204.jpg,img2/IMG_8300.jpg
img1/IMG_8199.jpg,img2/IMG_8314.jpg
img1/IMG_8206.jpg,img2/IMG_8362.jpg
img1/IMG_8207.jpg,img2/IMG_8361.jpg
img1/IMG_8229.jpg,img2/IMG_8340.jpg
img1/IMG_8215.jpg,img2/IMG_8291.jpg
img1/IMG_8201.jpg,img2/IMG_8285.jpg
img1/IMG_8224.jpg,img2/IMG_8332.jpg
img1/IMG_8226.jpg,img2/IMG_8324.jpg
img1/IMG_8222.jpg,img2/IMG_8330.jpg
img1/IMG_8223.jpg,img2/IMG_8287.jpg
img1/IMG_8221.jpg,img2/IMG_8279.jpg
img1/IMG_8241.jpg,img2/IMG_8320.jpg
img1/IMG_8240.jpg,img2/IMG_8322.jpg
img1/IMG_8257.jpg,img2/IMG_8281.jpg
